{
  "mu_values": [
    0.2,
    0.5,
    1.0,
    1.5,
    2.0,
    2.5,
    3.0
  ],
  "lrt_values": [
    0.8076162140224596,
    0.6287253952499441,
    0.3817856200741403,
    0.19746133597604398,
    0.07417075590970512,
    0.010363921750496274,
    0.004525307039699555
  ],
  "fts_values": [
    0.15856949886014604,
    -0.02032131990193875,
    -0.2672610951009915,
    -0.45158508259214614,
    -0.574875959265654,
    -0.6386827934283872,
    -0.6445214081322774
  ],
  "fts_errors": [
    0.09927384115656746,
    0.09927384115656746,
    0.09927384115656746,
    0.09927384115656746,
    0.09927384115656746,
    0.09927384115656746,
    0.09927384115656746
  ],
  "differences": [
    -0.6490467151623136,
    -0.6490467151518828,
    -0.6490467151751318,
    -0.6490464185681901,
    -0.6490467151753592,
    -0.6490467151788835,
    -0.649046715171977
  ]
}